stock_code,stock_name,year,revenue,net_profit,operating_profit,total_cost,operating_cost,total_assets,total_liabilities,total_equity,cash_holdings,fixed_assets,current_assets,current_liabilities,ROA,ROE,profit_margin,operating_profit_margin,leverage,cash_ratio,capex_ratio,current_ratio,firm_size,revenue_growth
000563,陕国投A,2010,220169096.67,81517003.66,106223485.72,,,1204033432.99,461181675.93,,263077986.79,44724245.35,550693479.0,440145707.72,0.0677032725391746,,0.37024725491871185,0.48246319454729314,0.38303062298256824,0.21849724399819467,0.03714535171912577,1.2511617615281285,20.90894295171163,
000563,陕国投A,2011,304422023.04,154354276.23,194996914.79,,,1212088634.92,362528623.21,,388126449.23,54075600.66,424454215.05,354171840.72,0.1273457004571185,,0.5070404390871496,0.6405479894086968,0.2990941526598238,0.32021292671852913,0.044613569587317416,1.1984414520000295,20.915610853041695,0.38267371599513056
000563,陕国投A,2012,576308789.42,260629986.53,347070717.32,,,3560886609.43,298060756.33,,808312432.29,60247594.2,839246113.51,263633761.71,0.07319244197211877,,0.4522401728287006,0.6022304772920325,0.08370408525243979,0.22699752082793465,0.016919267813934685,3.183378745068243,21.993275398395845,0.8931244975803703
000563,陕国投A,2013,832775089.53,313076135.49,406511803.13,,,3929188447.31,419756273.91,,942975941.35,59511102.86,999697054.19,395893304.93,0.07967959279335103,,0.37594320414494303,0.48814116589321416,0.10683027285122287,0.23999254655133173,0.015145901923014784,2.5251678715980352,22.091698739546374,0.4450154237073305
000563,陕国投A,2014,835478992.49,350631760.5,467231135.77,,,4257245047.33,443371144.02,,457352102.0,55676299.56,960340608.54,425540028.05,0.08236118818668997,,0.41967753067614894,0.5592374433945954,0.10414508422484803,0.10742912303975449,0.013078011470098084,2.2567574029185384,22.17188808552073,0.0032468585984315457
000563,陕国投A,2015,1150972386.44,453951218.69,607704369.59,,,8743858003.24,1089716821.07,,2173697442.81,82259376.82,3156777468.19,987566596.6,0.05191658173334817,,0.39440669823025715,0.527992136692047,0.12462654593272328,0.24859706573511892,0.009407675283555511,3.196521104559603,22.891617348352103,0.3776197807316817
000563,陕国投A,2016,1013572110.4,515237568.79,684556211.34,,,9504666886.7,1776306281.73,,675296574.26,79972298.97,2362919852.42,1775475348.67,0.05420890336630086,,0.5083383446557785,0.6753897471289381,0.18688779974136785,0.07104894703936977,0.008414003344178873,1.33086604338948,22.975048766160103,-0.11937756079881656
000563,陕国投A,2018,1027334487.8,319474221.09,425317945.74,,,12279353222.88,1864495050.47,,1192528393.14,70937752.85,,,0.02601718635267587,,0.31097390857980695,0.4140014287370058,0.15183984177569748,0.09711654771181055,0.005776994240854833,,23.23118508913176,0.01357809400908705
000563,陕国投A,2019,1755654630.76,581527983.85,762357407.44,,,14666736402.38,3689372690.42,,827053835.34,68489522.43,,,0.0396494467409692,,0.33123142425698165,0.4342297135684286,0.2515469419509932,0.05638976611087061,0.004669717962537738,,23.408847936892986,0.7089415877779706
000563,陕国投A,2020,2125822543.78,685690774.63,921701536.42,,,16517056276.04,4722007825.96,,433396111.56,66162324.17,,,0.041514102947307736,,0.32255315789941197,0.4335740718889404,0.28588676741447244,0.026239307072452964,0.004005697084532944,,23.527659397638246,0.21084324133828014
000563,陕国投A,2021,1908556376.16,732224654.54,977488237.14,,,17243923719.26,4991777878.72,,1303768408.76,66248857.67,,,0.042462763490548686,,0.3836536681264978,0.5121610497598705,0.2894803966886381,0.07560740989034888,0.0038418667786152207,,23.570725670210983,-0.10220334159862243
000563,陕国投A,2022,1925914104.39,837981739.71,1117972894.39,,,22800275015.1,6582558943.01,,2115419303.38,62658337.7,,,0.03675314175618617,,0.43510857405315917,0.580489489038816,0.28870524318897695,0.09278042927021783,0.0027481395579002053,,23.85003843489985,0.009094689812057632
000563,陕国投A,2023,2812799741.8,1082484801.86,1445294107.57,,,24034170948.98,6945175987.65,,1430730531.52,59101026.87,,,0.0450394067745424,,0.3848424705724992,0.513827588253798,0.28897089907504175,0.05952901535722494,0.0024590416284988696,,23.902742444207927,0.4605011383365436
000563,陕国投A,2024,2927639556.38,1361053904.36,1835707664.7,,,25451475840.16,7563963713.85,,2946101753.72,64478775.36,,,0.053476423642686635,,0.46489804436271887,0.627026527462908,0.2971915562521049,0.11575367071921748,0.0025334002540732294,,23.960039568051776,0.04082758287886867
000830,鲁西化工,2010,7685764467.11,211835664.74,216032534.51,7471847059.56,6839624707.1,11282465301.07,8692375154.1,2590090146.97,883550952.6,6374865989.54,2826254471.4,6394086001.35,0.018775653998236545,0.08178698528613554,0.027562081253792888,0.02810813881097667,0.7704322523620469,0.07831186970423976,0.5650242052094256,0.4420107065815639,23.146515614196044,
000830,鲁西化工,2011,9316448117.2,423427732.02,530995748.92,8783695634.83,7964561781.86,13173658825.2,8066720146.75,5106938678.45,730070190.99,7724156214.9,2778115594.83,5289276519.13,0.03214199924549599,0.08291224130157639,0.04544948103540328,0.05699551398130766,0.6123371079960797,0.05541893870770683,0.58633340345238,0.5252354617464686,23.30148512924341,0.2121693498503956
000830,鲁西化工,2012,10226834591.28,339488406.33,365517259.37,9863956612.51,8967619772.56,16502827036.23,11179625783.3,5323201252.93,927728440.94,9391521540.02,2800258818.69,8419386887.31,0.020571530295063593,0.06377523414940184,0.033195844061022335,0.03574099650361623,0.6774370087474381,0.0562163342622014,0.5690856190519376,0.33259652468407763,23.526797538705782,0.09771819288074468
000830,鲁西化工,2013,11056406708.0,305921526.83,347933156.94,10720707829.34,9573252822.23,17881045516.41,12269585949.79,5611459566.62,530359563.63,11211913741.67,2782988472.22,8677679306.71,0.017108704664346733,0.054517282571149024,0.02766916367219439,0.031468918078804815,0.6861783299265032,0.029660433621919495,0.627027862066593,0.32070653614360456,23.607007079054384,0.08111719313690102
000830,鲁西化工,2014,13029377002.87,361066572.43,445861329.7,12596032626.7,11082897969.35,19861878672.86,13886564170.79,5975314502.07,544366767.53,13857750975.19,3101212100.39,10740678236.2,0.018178873125600882,0.06042637124872966,0.027711729605373096,0.03421969673621306,0.6991566306245296,0.027407617199567465,0.6977059523642011,0.2887352206434957,23.712068086903233,0.17844588635134362
000830,鲁西化工,2015,12870896823.92,289313758.76,314406670.37,12563569322.38,10965547844.22,22366813161.1,14403673540.64,7963139620.46,972932426.79,14918878241.96,3411362077.97,11263366009.91,0.01293495665547785,0.03633161950553461,0.02247813518497973,0.024427720513281476,0.6439752251201631,0.043498929408598466,0.6670095616440643,0.30287234517359507,23.83084414191109,-0.012163296749728825
000830,鲁西化工,2016,10948556536.49,252597950.3,256373196.23,10691213906.72,9231668932.95,25064533125.22,16423093830.43,8641439294.79,945438379.66,15309881715.49,3655138076.43,12095084171.02,0.010077903667227509,0.029231004429122534,0.023071347301183178,0.02341616407382509,0.6552323854740003,0.03772016717553368,0.610818547427287,0.3022003009443923,23.944719660926264,-0.14935558211121813
000830,鲁西化工,2017,15761800297.45,1949906862.87,2464618481.46,13283509616.88,11654048883.82,27774724142.06,17282725726.57,10491998415.49,771615574.16,17870400330.61,3405985159.93,15348144430.21,0.07020436469132034,0.1858470413025634,0.12371092299560874,0.15636655933641885,0.6222465302688033,0.027781214683299842,0.643405141999174,0.22191511002632636,24.047392240543754,0.43962359283784447
000830,鲁西化工,2018,21286470482.13,3067333329.13,3951279323.23,17377349903.66,15254727678.96,27790615681.11,16803595642.86,10987020038.25,579422297.87,20378760674.1,2314070256.36,13669765977.62,0.11037298936903171,0.27917791343343734,0.14409778886100574,0.1856239777537145,0.6046499953681069,0.020849566793291602,0.7332964806516312,0.16928382388905355,24.04796423522727,0.3505100991270522
000830,鲁西化工,2019,18206818457.8,1726674196.54,1558549942.62,16992018315.64,14740112187.48,30930421192.24,19472200199.55,11458220992.69,558653989.27,21262786772.7,3607580761.85,15015427284.18,0.05582446439407678,0.15069304367943034,0.09483667893663618,0.08560254204942105,0.6295484978534756,0.01806163536531983,0.6874392896413104,0.2402582819371971,24.15500604114653,-0.14467649894872758
000830,鲁西化工,2020,17592454573.01,824974455.61,1087204419.64,16537042439.25,14810640213.6,31874017821.44,17488036671.28,14385981150.16,363853904.62,21515369813.57,3697349485.04,14031186325.75,0.025882349072889155,0.05734572060111623,0.04689365274108252,0.061799472900613196,0.548661193867963,0.011415376205733761,0.6750127936208195,0.2635093996474577,24.185057026505238,-0.03374361567969608
000830,鲁西化工,2021,31794339242.42,4619619590.48,6931616088.91,24404652022.54,22122838620.12,32115533633.18,14045423052.52,18070110580.66,378669099.1,21042890046.07,2816594562.46,9096887177.39,0.14384377489238612,0.25564976870834794,0.14529692079011677,0.21801415767942237,0.43734048491752425,0.0117908393933327,0.6552246737176942,0.3096217978233861,24.192605663840084,0.8072713566188914
000830,鲁西化工,2022,30356698594.3,3155765343.36,3811251100.25,26364328349.09,24279648071.04,34407983288.29,16952672099.39,17455311188.9,294888611.67,21446642336.13,2815003096.02,11989762236.59,0.09171607986783681,0.18079112478766815,0.10395614442581547,0.12554893241802087,0.49269589436122135,0.008570354420346364,0.6233042534471613,0.23478389650040407,24.261554446735158,-0.04521687452469214
000830,鲁西化工,2023,25357790556.2,819788996.47,1133456624.99,23969184409.48,21948469247.12,35282168679.0,18259569755.65,17022598923.35,393805158.94,20009350197.66,2478511595.89,13879530759.61,0.02323522127929567,0.04815886223727509,0.03232888112444642,0.044698556148964994,0.5175296882053093,0.011161591639189498,0.5671235909477865,0.1785731548722504,24.286643536688967,-0.1646723217470898
000830,鲁西化工,2024,29762710016.17,2030886768.72,2434344244.71,27343561973.63,25350118665.36,36268449915.13,17452341636.98,18816108278.15,721180536.48,23186211527.86,3027371115.19,10543336882.21,0.055995962702359146,0.10793341209023255,0.06823594920007704,0.08179175362013162,0.48119899465842514,0.019884515003194204,0.639294251122309,0.2871359560082111,24.314214051945267,0.1737106965296309
000997,新大陆,2010,817268483.46,88997120.92,79124917.84,744824146.85,498772995.73,1929210474.93,584931340.58,1344279134.35,550712182.56,149203756.98,1572833795.01,581964673.9,0.046131369322587365,0.0662043459917518,0.10889581908655092,0.09681630876675382,0.3031972655037672,0.28545987579710924,0.0773392840848087,2.7026276087683336,21.380376675819864,
000997,新大陆,2011,974813555.66,87610198.91,81274730.03,900538007.23,576187188.31,2449747096.72,1037536826.94,1412210269.78,553168404.17,150891102.1,2063454849.15,717130576.94,0.03576295652204364,0.06203764466579632,0.08987380038091827,0.08337464077935677,0.42352813820217294,0.22580633115583432,0.061594563088585824,2.877376750486324,21.619250630346322,0.19277027731818897
000997,新大陆,2012,1345648541.09,90203691.15,66941782.18,1287183162.97,888800047.48,2983395637.27,1473763143.49,1509632493.78,678811154.51,160131385.96,2541656366.98,987969143.49,0.030235242695649384,0.05975208636648852,0.06703361865716688,0.049746854498705834,0.4939885025904873,0.2275297134680924,0.05367420397065761,2.5726070330512565,21.816327964348115,0.3804163198971162
000997,新大陆,2013,1859822975.71,242721167.56,256954845.91,1590057884.4,1115207608.17,3693720906.68,1992662723.42,1701058183.26,875148868.96,176417679.42,3318121556.83,1827662723.42,0.0657118319689625,0.1426883394986737,0.13050767235916072,0.13816091599358038,0.5394730066953138,0.23692880189656876,0.047761507671289706,1.8154999356888946,22.029900162723536,0.3821015807021271
000997,新大陆,2014,2235456210.17,303096957.91,341039477.53,1903431043.9,1334890279.18,3711781545.32,1869244281.49,1842537263.83,640883303.07,160412355.16,3140856641.66,1869244281.49,0.08165808095364875,0.1644997709734054,0.1355861754442286,0.15255922973506375,0.5035976009544088,0.17266191322009716,0.043217078699649206,1.6802815302216039,22.03477779920108,0.2019725744685994
000997,新大陆,2015,3045275353.82,368144322.67,416978326.87,2655940018.99,1899210069.35,4856452559.49,2507467316.97,2348985242.52,772521682.83,148694555.48,4143302405.37,2504406670.24,0.07580519281519774,0.15672483419906608,0.12089032350004046,0.13692631319757062,0.5163166501174102,0.159071188973197,0.03061793637609736,1.654404795596932,22.30357408230224,0.36226124223136336
000997,新大陆,2016,3543922751.49,486386560.06,516761963.63,3074111491.05,2229225781.44,6277336811.77,3750948813.53,2526387998.24,1567895429.83,153636348.69,4766107290.61,3431512230.8,0.07748294772841019,0.19252251055611397,0.13724524888571699,0.14581637351229895,0.597538243685917,0.24977079880279762,0.02447476585961295,1.3889232997135088,22.560211652922554,0.16374460097491528
000997,新大陆,2017,4855897041.02,679108268.85,782467441.08,4235690784.61,3178638849.36,8577645473.64,3620800420.12,4956845053.52,1976605682.75,208456397.94,6332238710.13,3528492455.22,0.07917187425581654,0.13700413499262912,0.13985227922117366,0.16113756829482523,0.4221205494266576,0.23043685925517854,0.024302286516807936,1.794601742951775,22.872425292464456,0.3702039749535728
000997,新大陆,2018,5759682039.35,605786605.13,688797462.24,5277171570.81,4078157308.34,11056666125.68,5591624656.09,5465041469.59,2630793022.95,591076452.56,7966784289.26,5324081774.87,0.05478926452549848,0.11084757700392116,0.10517709154624881,0.11958949426967554,0.5057242927054657,0.23793727630427136,0.05345883160812617,1.49636775431657,23.12629935230871,0.18612112050467955
000997,新大陆,2019,5631027316.1,722831920.89,789992263.9,5268440516.04,3743397555.79,12249773080.69,5935135657.42,6314637423.27,4631030527.23,800270501.64,7750145560.3,5856812062.88,0.05900778048121073,0.11446926758237932,0.12836590560008632,0.1402927422570455,0.48450984506610045,0.37805031135884065,0.0653294143792354,1.323270317895258,23.228773249740268,-0.022337122495831196
000997,新大陆,2020,6356950910.91,502239156.15,689632202.8,6192422550.67,4693354490.55,11782922774.96,5356589617.75,6426333157.21,4429221511.71,556258100.63,7725201019.75,5149470795.8,0.042624327235455804,0.07815330202520152,0.07900629770288792,0.10848474566893877,0.4546061889782847,0.37590176871247777,0.047208838694259236,1.5001931899586285,23.18991709771911,0.12891494820749116
000997,新大陆,2021,7032011198.94,750931159.02,875485529.86,6848795190.65,5203696523.85,11259686312.57,4797541527.52,6462144785.05,3807649148.58,355136080.93,7733677625.8,4519367725.98,0.0666920141622135,0.11620463236250281,0.10678753741649256,0.12450001928210383,0.4260812774299191,0.3381665388252643,0.031540495096522896,1.7112299982456054,23.144494600705954,0.10619246514416836
000997,新大陆,2022,6661011162.43,-349550746.57,407993243.75,6434191826.29,4950256357.24,11586999028.72,5827046945.66,5759952083.06,3765572483.08,348816183.55,7649466049.36,5710312579.91,-0.030167495975756062,-0.06068639834661604,-0.0524771296798849,0.06125094731130284,0.5028952648754736,0.32498254929913273,0.030104100525546802,1.339587972166764,23.173149533136357,-0.05275873800740305
000997,新大陆,2023,7610560379.19,1025530346.15,1143583066.94,6507615026.04,4927886469.41,13199752173.21,6491512489.05,6708239684.16,4491611328.61,412083767.11,7938624041.2,6320845306.49,0.0776931515601785,0.15287622303829712,0.1347509637994815,0.1502626626637069,0.4917904824171675,0.34027997417452277,0.0312190533354375,1.2559434152025406,23.30346389160567,0.1425533141448143
000997,新大陆,2024,7268494037.28,1131048386.94,1224289867.56,6184714285.18,4615397381.24,12703530497.81,5445891306.95,7257639190.86,4204952920.54,393056411.48,8603354162.29,5279357738.89,0.08903417732062634,0.15584246573794963,0.15560972893956704,0.16843789941639012,0.4286911664350972,0.33100663797870244,0.03094072246670012,1.6296213645296331,23.265145783731896,-0.04494627528944284
002056,横店东磁,2010,3000658671.23,362984641.88,422647158.02,2576399441.66,2265594723.67,3764620436.6,1012152561.18,2752467875.42,627356995.94,1525205835.27,1813739608.85,990743904.88,0.09641998389825136,0.13187606842627075,0.12096832117570006,0.14085146107162955,0.2688591262321577,0.16664548432048432,0.40514199531028494,1.8306845996389773,22.048912879464172,
002056,横店东磁,2011,3521849558.65,90523642.9,129347010.59,3392666690.91,2729557021.26,4128161604.75,1078876049.1,3049285555.65,220791649.78,2120980532.51,1568687024.42,1045236429.02,0.02192831859969835,0.029686836882911596,0.025703438319125603,0.03672701188280781,0.26134540078533003,0.0534842554433794,0.5137833097593683,1.5007963565628692,22.141098012796892,0.17369216046367542
002056,横店东磁,2012,2910289702.3,-218010289.48,-210786844.1,3133180298.78,2207106114.06,4233232447.6,1543585694.45,2689646753.15,225620045.63,2041306409.77,1686758135.12,930397015.36,-0.05149972088199393,-0.08105536134984105,-0.0749101676399111,-0.07242813110097433,0.3646352317187601,0.05329734391455721,0.48220985618857376,1.8129444820578449,22.166231710183286,-0.17364735380247864
002056,横店东磁,2013,3268503002.12,277844753.82,302904337.33,2971120265.0,2350853340.84,4391744314.0,1426248194.27,2965496119.73,120344041.59,1946052011.25,1966009601.86,816163925.85,0.06326523903823059,0.09369250290750573,0.08500673049398631,0.09267372161920356,0.3247566552823685,0.027402333329462587,0.4431159630687917,2.4088415814414788,22.20299232315664,0.12308510026919439
002056,横店东磁,2014,3668800086.31,381430787.81,414875401.55,3297349566.81,2757614860.25,4782851886.82,1484828642.24,3298023244.58,626344088.86,1722209168.25,2576176460.01,837309311.02,0.07974965498327483,0.11565436612275146,0.1039660866868423,0.11308204093706091,0.31044838464091057,0.1309561959436801,0.3600799709051945,3.0767321300556585,22.288302834579273,0.12247107741077845
002056,横店东磁,2015,3958288174.47,323071998.4,338267925.04,3658074224.86,3017553962.76,5139545930.29,1597932715.3,3541613214.99,404396102.1,1584871196.93,3129558973.4,968628036.58,0.06286002747751893,0.09122170569970392,0.08161912022569154,0.08545813496393372,0.31090931708238206,0.07868323536456495,0.3083679411423362,3.2309192540510634,22.360230572100736,0.07890538632514055
002056,横店东磁,2016,4710421226.97,440853538.5,462109470.33,4291931393.73,3537573961.67,5828657243.27,1857054875.8,3971602367.47,768937840.2,1775863324.58,3417611419.94,1728534431.65,0.0756355229172254,0.11100142907328199,0.0935911073039175,0.0981036404311667,0.31860766524643896,0.13192366751156046,0.3046779473317774,1.9771728913017166,22.48605249230288,0.19001472842504907
002056,横店东磁,2017,6296799895.52,608081116.08,700030803.9,5695190607.97,4832593529.63,7170755534.52,2521884337.44,4648871197.08,888974572.96,2239386060.81,4467238734.9,2366265950.44,0.08480014597523217,0.1308018850816821,0.09656986503773655,0.11117247101945428,0.3516901845697646,0.12397223258839024,0.31229429730655306,1.8878853131742566,22.69327686041649,0.3367806385269807
002056,横店东磁,2018,6488527425.83,689396952.91,789021888.27,5768785958.99,4907088063.61,6796844362.27,2057747314.49,4739097047.78,1127694617.08,2172249099.73,4110171240.88,1879410799.72,0.10142897441302542,0.14547010663834023,0.10624859966925602,0.12160261280995815,0.3027503948615879,0.16591443866803124,0.319596710465872,2.186946697067158,22.639724277045218,0.030448407681877843
002056,横店东磁,2019,6563638225.95,693454015.49,770260556.05,5870327330.47,5066647246.98,8499500621.74,3157450523.47,5342050098.27,2876881534.15,2369911091.26,5311310423.99,2893166281.39,0.08158761865565198,0.12981046653129893,0.10565085881003622,0.11735268299899557,0.37148659244684107,0.33847653670281763,0.27882945089717953,1.8358123617555162,22.863273248333282,0.01157593937585788
002056,横店东磁,2020,8105787993.91,1015091617.26,1147847329.6,7072662464.37,6097299599.71,10240120384.03,4199899790.58,6040220593.45,3767761431.79,2673400712.22,6800409719.83,3847597816.32,0.09912887536391546,0.16805538830167277,0.12523046717020647,0.14160835818336168,0.4101416421949454,0.3679411267142933,0.26107121908345016,1.7674429720760654,23.049579212741598,0.2349534990918538
002056,横店东磁,2021,12607410411.09,1119698152.4,1241009284.79,11507747646.45,10254214556.13,12892115280.65,6123590982.01,6768524298.64,3445252826.1,3692688556.44,8347759119.59,5960863128.03,0.08685139156958785,0.16542721913918237,0.08881269950687631,0.09843490806790559,0.4749872963982105,0.2672372028251283,0.28642999818520243,1.400427914597805,23.279881742889565,0.5553590126662746
002056,横店东磁,2022,19450638161.91,1668112284.12,1769165662.92,17626700764.1,16050833137.53,17609892841.81,9838490783.25,7771402058.56,5654531570.6,4588438996.75,11709340593.83,9482126759.39,0.0947258622812009,0.21464753355317873,0.0857613138568712,0.09095668986247148,0.558691121611548,0.32109971488155914,0.26056030198298386,1.2348854735815913,23.59172667435992,0.5427940812334
002056,横店东磁,2023,19733221651.63,1828187802.03,2083874292.12,17178447861.23,15713826274.17,21208023424.51,12009915503.03,9198107921.48,9185451202.04,5491721439.96,14548926368.0,11444072402.97,0.08620264913123273,0.1987569419315793,0.09264517645951584,0.1056023354376029,0.566291127779037,0.4331120830159224,0.25894546276355235,1.2713067390437183,23.777645410445444,0.014528237447416048
002056,横店东磁,2024,18558576657.65,1828133543.23,2116315142.09,16367058360.1,14887892888.75,24211547828.17,13941652317.02,10269895511.15,8975013497.6,6166009694.32,16572572506.22,13197188925.77,0.075506677896197,0.17800897207232538,0.0985061288348548,0.114034345474314,0.5758265607785293,0.37069143870090054,0.2546722637511792,1.2557653451379276,23.91009553927569,-0.05952626564061181
600141,兴发集团,2010,4678043110.61,187302771.68,287098915.38,4408199683.01,3965241951.17,6191579426.13,4222045709.85,1969533716.28,183355816.19,3326911240.85,1228759596.87,1133007458.59,0.030251210359918162,0.0951000585223655,0.04003870149362014,0.06137158392765717,0.6819012434907837,0.029613738849281816,0.5373283635528617,1.0845114809739744,22.546456048790397,
600141,兴发集团,2011,6568513057.81,233386594.04,330785505.97,6248229037.48,5659957659.1,8249043622.52,5739766004.04,2509277618.48,423961871.11,4075888161.03,1464961310.58,2793999393.63,0.028292563928605182,0.09300947504619851,0.03553111518329129,0.05035926747175971,0.6958098740525945,0.05139527568415063,0.4941043286403251,0.5243241333265657,22.833363106030202,0.40411554628736424
600141,兴发集团,2012,9620064381.83,308041639.49,390769851.4,9302024657.04,8397821425.26,13823637512.34,9277254528.65,4546382983.69,1724498117.75,5120069453.48,3912272026.31,4778967868.3,0.02228368902287978,0.06775532122900542,0.032020746147168926,0.04062029482235802,0.6711152922209105,0.124749952117204,0.37038510659075424,0.8186437185026929,23.349645827045396,0.4645726204946319
600141,兴发集团,2013,10934404966.48,78217481.88,96358976.96,10992607301.02,9836431245.9,15076647892.55,10805156201.83,4271491690.72,783359404.18,7440022007.11,3380606211.91,6586020014.81,0.005187988897628266,0.018311514464591106,0.007153336840896221,0.008812457308412626,0.7166816044811445,0.05195845984882956,0.4934798544168711,0.5133003246737821,23.436412886524078,0.13662492603817444
600141,兴发集团,2014,11391976452.37,539322156.07,566380918.49,11346001871.49,9833676799.58,19661819632.94,13580947875.3,6080871757.64,1288978645.13,9867039799.05,4093497841.41,9321544656.67,0.027429920838377465,0.0886915852800869,0.04734228150180198,0.04971752889922534,0.6907269077246266,0.06555744428509241,0.5018375706447571,0.43914372479897,23.701944502465892,0.04184694890053109
600141,兴发集团,2015,12392341481.58,102361717.36,152827387.35,12258587518.49,10501709554.12,21373310198.92,15330337312.59,6042972886.33,1194370523.59,11041655322.84,4437236085.51,9915240834.02,0.004789230886901757,0.016938966843878397,0.008260078816594156,0.01233240607331253,0.7172654665988354,0.05588140126513262,0.5166095106502473,0.44751672297111345,23.785408793622935,0.08781312298112076
600141,兴发集团,2016,14541193974.58,171044980.2,229671406.55,14419546872.49,12648240503.76,21380837836.47,14732153279.31,6648684557.16,965863599.55,11913325756.52,3866039451.07,9862736579.03,0.007999919437592989,0.025726138566131977,0.011762787876910936,0.015794535644837494,0.6890353592309127,0.04517426337252764,0.5571963946239303,0.3919844578724645,23.78576092963657,0.17340165264119434
600141,兴发集团,2017,15760610898.38,599023221.95,839429276.14,15006893782.58,13118751820.52,21777669165.73,14649761342.44,7127907823.29,965863599.55,12257469890.34,4238910377.81,10257208484.6,0.027506305536711944,0.0840391369810828,0.03800761441370096,0.05326121440040647,0.6726964777981524,0.04435110076288202,0.5628458122427871,0.41326159882332786,23.804150931540363,0.08385947714690456
600141,兴发集团,2018,17855450759.35,794826633.01,1159491773.86,16654581821.37,14656851944.04,25659287690.65,17199695045.55,8459592645.1,1845352475.82,13321778243.53,6024857671.74,13732357525.49,0.030976176836725954,0.09395566268434719,0.04451450953114636,0.06493769266804046,0.6703106981343603,0.07191752546164516,0.5191795814497349,0.4387344023454574,23.968171436225994,0.1329161588010097
600141,兴发集团,2019,18038707539.43,392906274.84,483242535.47,17581572600.35,15593040750.38,28252787810.76,18690764842.86,9562022967.9,1646631589.56,13993166254.23,6514385235.64,13013139859.84,0.013906814345958548,0.041090287709933164,0.02178128748864983,0.02678919952627991,0.6615547098591691,0.05828209239347647,0.49528444229849555,0.5006005703315399,24.064457973236685,0.010263352213835342
600141,兴发集团,2020,18317376620.0,597415953.42,769673867.6,17490480740.69,15886433294.39,29666715143.05,18821074445.47,10845640697.58,2179014512.61,15063548900.17,6539696770.44,13109959481.9,0.020137583501891553,0.05508350959416368,0.032614711473896635,0.04201878268745233,0.63441720307478,0.07344980737176345,0.5077592455900507,0.49883424731166404,24.1132915520445,0.015448395067156007
600141,兴发集团,2021,23902090234.52,4733826425.33,5934845551.34,18173896266.93,15897658842.96,36735153693.65,20904723624.22,15830430069.43,3241396908.88,18945863003.66,9069182203.23,14051221765.87,0.128863661897467,0.29903334303415097,0.19805073024505984,0.24829818200454898,0.5690659088717401,0.0882369224833352,0.5157420372229166,0.6454372690393922,24.32699999985773,0.30488610516542414
600141,兴发集团,2022,30310653688.31,6796311923.19,8212660240.35,22142397470.22,19516492999.97,41630002403.69,20286529548.24,21343472855.45,4719107915.53,23340705772.45,9271617007.57,10654237472.09,0.16325514126291735,0.3184257767804914,0.22422188558114645,0.2709496246700018,0.48730550989451404,0.11335833877135945,0.5606702960550665,0.8702281164520752,24.452086955892664,0.2681172814139323
600141,兴发集团,2023,28281264663.6,1408624201.24,1779225089.79,26313560311.08,23694545350.45,44810913861.48,22687131167.07,22123782694.41,2268206004.48,26268959947.77,7774493018.6,11896865907.6,0.03143484655533593,0.06367013366099984,0.04980768073830162,0.06291179376005732,0.5062858400344326,0.050617267290988616,0.5862179028299423,0.6534908503619823,24.525717559677993,-0.0669529943358722
600141,兴发集团,2024,28396484979.36,1618775715.33,2247233130.04,25963905643.46,22854051577.67,47775868784.99,24893841181.94,22882027603.05,1464450596.05,30300166180.05,8294742928.88,14002513698.41,0.03388270598730754,0.07074441755826873,0.05700620046835402,0.07913772185794835,0.5210547042895645,0.030652516286843418,0.6342148651741434,0.5923752768634589,24.58978651183655,0.004074086400679855
600563,法拉电子,2010,1208604440.62,261495005.33,302266436.13,913388562.0,760650982.79,1454204687.53,246952659.61,1207252027.92,286225669.69,452547263.57,926166422.42,241238720.61,0.17981994389947628,0.2166034922969111,0.21636111579720504,0.2500954207771576,0.16981973839560013,0.1968262598411513,0.3111991506083383,3.8392113010634485,21.09772498161748,
600563,法拉电子,2011,1325238015.38,294885862.09,326989832.51,1003368427.97,841658688.7,1577488657.48,191567275.39,1385921382.09,442613050.59,430685535.53,1071658765.92,181062940.69,0.18693374477954916,0.2127724313231286,0.22251539622898917,0.24674045621626586,0.12143813173023005,0.2805808133651266,0.2730197351897349,5.918708499022998,21.179099962166788,0.09650268594095901
600563,法拉电子,2012,1231936075.57,256389920.89,292033789.62,943719815.16,784318824.15,1689617428.44,191920139.88,1497697288.56,604501991.71,380023546.77,1227526771.77,187638646.42,0.15174436329454838,0.1711894138077213,0.20811950065783397,0.23705271353863064,0.11358792626636029,0.3577744769525301,0.22491691928205923,6.541972004116742,21.247767966550857,-0.07040391139341617
600563,法拉电子,2013,1326761399.58,300761394.83,340399607.65,990067024.14,819913940.58,1884019741.04,232506900.24,1651512840.8,706170442.65,344295378.91,1410634458.66,218634943.88,0.15963813344332387,0.18211265901166707,0.2266883818938425,0.25656429841700024,0.12341001273779308,0.3748211482434818,0.1827451015560724,6.452008236314874,21.356673491304708,0.07697260100620529
600563,法拉电子,2014,1416210363.38,323130716.46,370764673.95,1048227151.85,880860407.5,2022858719.03,217634638.25,1805224080.78,362564402.49,387624087.0,1497168182.61,205520358.32,0.15973963649569528,0.1789975659533535,0.22816576182142861,0.2618005654648043,0.10758766106728404,0.1792336751346909,0.19162192759851923,7.284768257745416,21.427777555337865,0.06741902788874943
600563,法拉电子,2015,1393398241.59,342312231.0,397484483.9,1015425651.2,832799286.43,2240823474.77,262719703.76,1978103771.01,390522215.19,348843377.16,1652653764.73,250981817.05,0.15276180156722752,0.17305069431479764,0.24566719031408363,0.2852626564580937,0.11724248104236135,0.17427620675478844,0.1556764203373073,6.58475496016017,21.530109257921882,-0.016107862489832092
600563,法拉电子,2016,1521163634.18,402156700.98,461799694.3,1065532709.68,875236871.78,2479656489.34,336413321.68,2143243167.66,760912948.62,330161071.98,1847913881.08,323152767.25,0.16218242434339783,0.1876393248550868,0.26437438546628617,0.30358318061484435,0.13566932481423738,0.30686224156093855,0.133147907139298,5.718391016130158,21.631385875166675,0.09169337865979199
600563,法拉电子,2017,1697634258.55,436998308.14,512318547.52,1220822439.1,979800275.89,2664365458.77,343704981.55,2320660477.22,328034572.46,551037488.88,1712047619.2,327583706.8,0.16401590356217108,0.18830773067824877,0.25741605174323784,0.3017838176507975,0.12900068960835082,0.1231192107600121,0.20681753213179155,5.226290513420614,21.70323176443863,0.11601028344667763
600563,法拉电子,2018,1721422019.98,460071139.2,529531298.48,1198629660.23,977137394.26,3003441346.6,502467030.34,2500974316.26,145211156.2,596414361.28,2252658176.32,471364497.3,0.15318132971726467,0.18395676285392576,0.26726225984105,0.3076127134043239,0.16729710101008302,0.048348257695920736,0.19857699633627332,4.779015367562346,21.82302458371355,0.01401230053540381
600563,法拉电子,2019,1680321948.29,466478064.16,541145936.44,1177082690.01,957586514.82,3231718802.41,554674400.67,2677044401.74,626905338.83,612271576.74,2480640626.96,504826054.33,0.14434364271177674,0.17425114946050319,0.2776123138989627,0.3220489603142444,0.1716344875848607,0.19398511354468587,0.18945694665123983,4.91385221836912,21.89627996961535,-0.023875651184291025
600563,法拉电子,2020,1890574260.67,564327158.11,655053575.31,1291870743.99,1057266941.7,3650106683.75,708963464.07,2941143219.68,752756443.14,612180358.34,2833248348.1,652532577.29,0.15460566142418303,0.1918734029454708,0.29849510270493596,0.34648391704955067,0.19423088843574135,0.20622861421865146,0.167715744053559,4.34192628338438,22.01802223253833,0.12512620726877133
600563,法拉电子,2021,2810556214.32,844351775.39,977732582.95,1938481187.86,1626086595.92,4641578779.73,1148063131.18,3493515648.55,786049764.04,837422970.26,3551377295.62,1040723623.76,0.18191046957499143,0.2416911387646001,0.30042159309533206,0.3478786789491622,0.24734323937226868,0.16934965479261443,0.18041770052833464,3.4124115322657254,22.25832039956338,0.48661508452144475
600563,法拉电子,2022,3836216258.99,1020425127.84,1154891235.98,2694898542.2,2366677591.88,5670485839.54,1528688419.51,4141797420.03,1368287380.95,1110734979.2,4192063332.75,1360028348.55,0.1799537388356795,0.24637253451971314,0.26599781111106025,0.3010495649909112,0.2695868507157775,0.24129984972522178,0.19588003755426095,3.0823352595696893,22.45854063700113,0.3649313397270557
600563,法拉电子,2023,3879793275.8,1027830856.53,1182486147.44,2757011798.55,2384007612.38,6305733192.07,1550766617.64,4754966574.43,593233319.98,1489020990.52,3426666044.05,1367197355.83,0.16299942056263741,0.21615942834534244,0.2649189746631706,0.30478070953308084,0.24592962791229767,0.0940784048278544,0.23613764572097207,2.506343381544748,22.5647250870045,0.011359374411669121
600563,法拉电子,2024,4771751247.83,1042372782.1,1198425437.32,3589291334.98,3179182113.41,7817751349.84,2469460524.28,5348290825.56,327073546.28,1486397408.53,5319265734.02,2266158040.82,0.13333409256119835,0.1948982985589339,0.2184465886762285,0.2511500233514887,0.3158786220964345,0.041837292034965265,0.19013106736381696,2.3472615935008863,22.77966279898151,0.22989832411781808
600580,卧龙电气,2010,2903918779.09,243605496.84,237703910.14,2698154785.24,2395140942.1,4063665527.5,1469338621.75,2594326905.75,1223223818.33,509832493.33,2754346829.54,1288994681.22,0.059947231186093235,0.09389930632877413,0.08388853661958774,0.08185625295432304,0.3615796161880353,0.3010148866957899,0.1254612344150413,2.1368178392583297,22.12535124253152,
600580,卧龙电气,2011,3146223337.38,130303228.68,86154398.7,3091097171.47,2697566538.24,4824931470.55,2103904434.8,2721027035.75,1052519002.76,796596700.48,2854861201.61,2044404434.8,0.027006234073029555,0.04788751709116494,0.041415759374701384,0.027383433870191997,0.4360485631022181,0.2181417516879306,0.16510010667347258,1.3964268287694679,22.29706236864168,0.08344054249545185
600580,卧龙电气,2012,5237017858.29,289842954.67,153017076.0,5102072568.14,4181339513.8,7297453636.14,3434947577.82,3862506058.32,1278055890.76,1799813311.54,3967778848.44,2617734051.07,0.03971836877929284,0.07504012946352955,0.05534503843846735,0.02921836055185105,0.4707049539593815,0.17513724026015595,0.24663579945565972,1.5157303114188274,22.710791307282843,0.664541037525676
600580,卧龙电气,2013,5727650459.2,406536371.34,269920815.48,5475196166.56,4411744258.83,8888787996.07,5007088982.62,3881699013.45,1559721446.88,2236409353.44,4856513741.43,3749661146.8,0.045735860897992156,0.10473155438671587,0.07097785981108601,0.04712592316914897,0.5633039042931145,0.17547065444350793,0.2515989080208442,1.2951873652835535,22.90805654377753,0.09368549319215069
600580,卧龙电气,2014,6892562214.65,475969719.97,321302756.26,6600511344.93,5469444676.77,9793627124.02,5653110705.43,4140516418.59,1475139079.73,2573165874.75,5410729554.51,4146009651.83,0.04859994299789394,0.11495419214690264,0.0690555565763826,0.04661586595142769,0.5772233957697954,0.1506223446175576,0.2627388037307459,1.305045093689487,23.004997717623084,0.2033838768179137
600580,卧龙电气,2015,9473632174.4,434877994.57,444345947.06,9040680404.65,7449198663.66,14078358312.24,9095286952.72,4983071359.52,1740449967.46,3109231170.01,7776688882.54,6878395512.34,0.030889822870320653,0.08727107504474711,0.04590404045294723,0.04690344092741199,0.6460474119920914,0.1236259177994368,0.22085182810745582,1.130596353261228,23.367904583736287,0.37447176817120176
600580,卧龙电气,2016,8913936672.36,287918309.65,319943692.53,8818309845.47,7048508660.28,16081739660.77,10507384515.75,5574355145.02,2143526011.92,3145754713.43,8796952498.97,7012335341.2,0.017903430581726897,0.05165051421368793,0.03229979303563668,0.03589252473848836,0.6533736235876176,0.13328943616398323,0.19561034936436594,1.2544968360661148,23.500950282704178,-0.059079294164748
600580,卧龙电气,2017,10086036670.77,671413001.6,773128952.7,10010528681.95,7920837694.66,16775472373.61,10728725873.92,6046746499.69,2081127361.47,2827639940.35,9321014105.31,7412858598.86,0.040023493028799595,0.11103706789004988,0.06656856637709826,0.07665339497927652,0.6395483617378,0.12405775021536108,0.1685579921313122,1.2574115614107964,23.543183678788314,0.13149072530932426
600580,卧龙电气,2018,11076032791.49,688022421.01,794705332.15,10380751053.53,8182080182.87,18454653519.33,11986024221.72,6468629297.61,1558174870.82,3684608828.26,9608059754.6,9107363183.83,0.03728178479695341,0.10636293863125028,0.062118127849768126,0.07174999813657039,0.6494851940279155,0.08443262666448423,0.19965743731794378,1.0549771169397286,23.638582398899924,0.0981551181138447
600580,卧龙电气,2019,12416106097.4,1008137771.86,1204308854.2,11610930286.87,9066382497.43,19703547198.8,12284077982.68,7419469216.12,2000575843.06,3741919929.09,10121950310.05,8455071280.89,0.05116529331943836,0.1358773441191261,0.08119596948926762,0.09699569613473172,0.6234449999656982,0.10153379099078366,0.18991097853273312,1.1971454732649562,23.704064517334135,0.1209885643296047
600580,卧龙电气,2020,12565044632.81,922628534.06,1093223874.88,11819197779.02,9491658442.12,20816730496.18,12632051194.71,8184679301.47,2209619583.98,3959352982.79,10782198947.83,8813861565.22,0.04432149103478608,0.11272629019127142,0.07342819393182425,0.08700517243093275,0.6068220557992072,0.10614633188364901,0.19020052085108013,1.2233229292342385,23.759022851114842,0.011995591390862037
600580,卧龙电气,2021,13697707743.78,1057225900.27,1344087771.37,12949984052.12,10530883725.19,22012647245.4,13018851215.33,8993796030.07,2338495816.66,4189886581.07,11610050860.17,10240732326.11,0.04802811258836346,0.11755057561181666,0.0771826877931511,0.09812501452882416,0.591425968453229,0.10623419303412845,0.19033996839910128,1.1337129504467913,23.814882999918424,0.09014397832001153
600580,卧龙电气,2022,14265959154.0,838701765.53,992921667.49,13357739029.16,10725523480.68,23448708577.37,13307153100.98,10141555476.39,2305038965.91,4346933475.46,12550992187.42,9583539317.98,0.035767503475198574,0.08269951956408814,0.05879042246485321,0.06960076478360006,0.567500468397758,0.09830131831373258,0.18538050661157354,1.3096406005109889,23.878081258994712,0.041485146336111445
600580,卧龙电气,2023,15566826986.21,552877535.84,769774473.62,14586530970.25,11704569775.18,24664485501.91,13962076952.25,10702408549.66,2647203901.62,4965432904.84,13080249211.26,9552301741.06,0.022415936298253034,0.05165916936123357,0.035516392411232625,0.0494496710409842,0.5660802026934146,0.10732856768550889,0.2013191357450161,1.369329567452348,23.928630211974454,0.09118684682657685
600580,卧龙电气,2024,16247040360.9,832255294.18,1005785792.4,15349221971.45,12339815529.94,26317303287.47,14917778952.73,11399524334.74,3187218328.25,5558029598.76,14358368004.47,11740077037.51,0.03162388201743479,0.07300789662281834,0.05122504011148388,0.06190578530355081,0.5668429926037498,0.1211073297835753,0.211192975893022,1.2230216172001647,23.993492479471527,0.04369634064106798
600673,东阳光铝,2010,3762933456.74,326265179.74,380076382.98,3388229730.39,3012166349.55,5831718862.86,2876928789.35,2954790073.51,287230225.49,2451697739.79,2303312168.75,1268393691.91,0.05594665782293774,0.11041907263226623,0.08670500913472394,0.10100534260025885,0.4933243280419544,0.04925309882807625,0.4204073957343744,1.8159284325055074,22.486577624534032,
600673,东阳光铝,2011,4763284143.37,380171179.48,472640189.71,4289036141.62,3816798655.44,7003391995.46,3734054669.29,3269337326.17,382302028.44,2792456460.59,2891231605.1,1328045494.47,0.05428386412276348,0.11628386475658271,0.07981282830023044,0.09922569712072843,0.5331780188386753,0.05458812368175737,0.3987291390229521,2.1770576513674635,22.669660439415217,0.2658433103137172
600673,东阳光铝,2012,4415112809.98,209641012.71,269101038.08,4140977563.72,3571906649.82,8917746265.53,5361548322.14,3556197943.39,689408529.39,3003883055.07,3101428745.56,3140907173.48,0.0235082953100304,0.05895088407541131,0.04748259483565714,0.06094998013906218,0.6012223450294986,0.07730748429732621,0.3368432971322573,0.9874308835825099,22.911309090799186,-0.0730948066313909
600673,东阳光铝,2013,4854543506.03,200509049.54,231417282.89,4621818251.03,3928589740.92,10106839049.6,6755866097.15,3350972952.45,1345995182.85,3057395458.79,3815083994.11,3883526613.34,0.0198389475241456,0.059836069220851704,0.041303378843127195,0.04767024594641049,0.6684450067914535,0.13317667138503314,0.30250758360607344,0.9823761683530382,23.036478165265855,0.09952875837208586
600673,东阳光铝,2014,5112354105.03,187903079.79,245687036.77,4886654501.6,4154146061.25,11110557619.08,6926372253.83,4184185365.25,1682457596.02,3519723370.15,4233503979.72,4538643131.7,0.016912119646210803,0.04490792433589352,0.03675470750453765,0.048057515524652476,0.623404557295616,0.1514287269552286,0.31679088402418526,0.932768639629592,23.13116163007471,0.05310707354455979
600673,东阳光铝,2015,4686040421.77,80675979.65,64411111.16,4633697808.17,3922492578.36,10928652502.44,6748156004.16,4180496498.28,1100499525.53,3428988177.15,3836294649.8,5107188420.18,0.007382061020971046,0.019298181372282664,0.017216236393353016,0.013745317018770142,0.6174737464342803,0.10069855595502697,0.3137612964072581,0.7511558873844705,23.114653847219994,-0.08338891917532731
600673,东阳光铝,2016,5102256827.97,56544053.8,171021516.4,4944992357.41,4174459533.65,11177727572.05,6971951069.23,4205776502.82,1069083924.04,4036136001.5,3960423392.89,5000225899.81,0.0050586358842193355,0.013444379120499353,0.011082165344957123,0.033518798086070306,0.6237359985998783,0.09564412060938515,0.3610873476280091,0.7920488938390741,23.13718902569964,0.08882048995274938
600673,东阳光铝,2017,9002599101.78,1126796983.6,1390344738.15,7693965745.12,6151521413.13,17189888576.02,9318832630.33,7871055945.69,2900296710.37,4786051162.02,7595851163.4,7133846341.76,0.06554998763470105,0.14315702891389137,0.12516351898611244,0.15443814863144356,0.5421112876397481,0.16872108842031305,0.2784224656753489,1.0647623735509304,23.567587174413237,0.764434720813888
600673,东阳光铝,2018,11680243725.51,1493353495.67,1786236985.71,9898174386.27,7574597408.38,19622420383.2,10384731750.54,9237688632.66,2092864122.94,5728279717.0,8460560306.66,8130776337.29,0.07610444922220476,0.16165878230515632,0.12785293961019595,0.15292805764051012,0.5292278703513573,0.10665677740406754,0.29192523680230315,1.0405599607822833,23.699938646533138,0.29743017471483024
600673,东阳光铝,2019,14767210574.93,1999473619.89,2423619506.12,12549040511.37,8025124269.06,26407067499.75,16628866709.57,9778200790.18,5199153536.03,6411572792.42,13619653120.7,11561136623.58,0.07571736694765253,0.20448277375302223,0.1353995468368594,0.16412168661253673,0.6297127354155257,0.19688492620694142,0.24279760683312146,1.1780548543057148,23.996897519595066,0.2642895920637318
600673,东阳光铝,2020,10370617536.68,799109146.91,787255557.2,10151548459.7,7233376685.4,27803925341.55,17903204897.46,9900720444.09,5372600183.99,6840810808.68,12976907105.72,14534895550.46,0.02874087514958964,0.08071222204713488,0.07705511692853567,0.07591211944858091,0.6439092566079355,0.19323171523415156,0.2460375909029341,0.8928104822403975,24.048443047011645,-0.2977267112120693
600673,东阳光铝,2021,12802155394.12,550728616.17,939275065.19,12518191738.63,10045060684.9,22156117725.94,13100609589.55,9055508136.39,4654371840.71,5470355330.59,12980574973.44,11498739575.56,0.02485672909768016,0.06081697546677367,0.04301842925785359,0.07336850993242956,0.5912863323619206,0.21007163340988852,0.2469004452068515,1.1288693763470885,23.821379490604688,0.23446413377408404
600673,东阳光铝,2022,11698990629.82,1298930464.27,1519817440.1,10576908226.41,9332185337.75,24492346586.33,14310183334.86,10182163251.47,5192514032.26,5633458942.14,11331697726.28,11737803191.02,0.053034136998329776,0.12756920432232055,0.1110292764026246,0.12991013397566792,0.5842716329535771,0.21200557545425705,0.23000895084851616,0.965401919070283,23.921626521463548,-0.08617023699045878
600673,东阳光铝,2023,10853708505.08,-339147913.05,-320698804.8,11335314000.63,9648316868.36,24951869986.46,14808378059.21,10143491927.25,4958405857.54,6014400260.87,10293186055.45,11207349888.22,-0.013592084009496557,-0.033435025677784155,-0.03124719195206544,-0.0295473942984464,0.5934776859307814,0.19871880785811455,0.24104006089057384,0.9184317575619841,23.94021460569249,-0.07225256874601027
600673,东阳光铝,2024,12199116451.46,374892053.61,388136209.93,11977611535.86,10418877760.09,25360653631.15,15904358976.65,9456294654.5,4251776515.53,7716776938.23,9649677960.96,11995099833.47,0.014782428681156992,0.03964470940333895,0.03073108246008527,0.031816747669750095,0.6271273291282596,0.1676524815712015,0.30428146886370594,0.8044683324797718,23.956464740282264,0.12395836370124469
600765,力源液压,2010,4190813310.78,256067713.18,301373688.12,3899308139.22,3178178112.08,7892335701.1,4492355140.19,3399980560.91,1951513767.93,1287073203.73,5470448871.92,3849605550.31,0.03244511167262061,0.07531446388960054,0.06110215230091944,0.07191293569312156,0.5692047716069495,0.24726694882707617,0.1630788720189149,1.421041402924899,22.789157961087565,
600765,力源液压,2011,5485361101.41,140304834.09,169031411.42,5258470215.82,4374874003.87,9650380347.68,5797118259.68,3853262088.0,1726427215.4,1658234539.81,6844567685.62,5096228942.61,0.014538788009918178,0.03641196235442784,0.02557804882780369,0.030815001655324175,0.600713966789263,0.17889732354590995,0.17183100355299963,1.3430651885342106,22.99026316578794,0.30890132645614243
600765,力源液压,2012,5372023774.0,245241137.58,352020635.76,5348264437.61,4307901811.02,10760399716.07,6652680438.85,4107719277.22,1756094981.51,1843109168.72,7175725223.49,4670643242.21,0.022791080633719152,0.05970250667810313,0.045651536161649166,0.06552849551108483,0.6182558840183816,0.16319979069991047,0.17128631067184513,1.5363462485511257,23.09913853932371,-0.02066178056734802
600765,力源液压,2013,6385857016.41,137834456.54,157711049.45,6183686780.42,5236543337.74,12128563152.64,7857455331.18,4271107821.46,1286381296.17,2449018403.44,7551170676.11,5400655544.49,0.01136445057879736,0.03227135963354908,0.021584331779712747,0.024696927764703062,0.6478471713666828,0.10606213448210443,0.20192156091522903,1.3981952031386367,23.21882909885811,0.18872463806225892
600765,力源液压,2014,5822553517.8,128226572.3,151961050.43,5635079662.18,4529546624.51,13242193970.65,8822222262.03,4419971708.62,1068358118.63,2858671785.37,8209067017.72,5826532803.07,0.009683181849186123,0.02901072241026511,0.02202239479774662,0.026098695351694616,0.666220588641397,0.0806783317777937,0.21587599394072918,1.4089111475343696,23.30667408148028,-0.0882111041889061
600765,力源液压,2015,5877304248.85,-539423592.82,-311702621.11,6271058186.69,4553814264.26,13184936706.02,9337908305.22,3847028400.8,1411132041.61,2981991538.39,8052940192.84,6490813446.72,-0.040912110907116384,-0.1402182507173135,-0.09178078417933663,-0.053034964315653764,0.7082254934873128,0.10702607627730991,0.22616654178009646,1.2406673306732285,23.302340856286595,0.00940321645522424
600765,力源液压,2016,5368560053.92,225413861.4,192658914.55,5187511530.96,3986110848.49,13947427489.64,9908073112.8,4039354376.84,983681212.96,3146352402.23,8628098741.35,7810910369.08,0.01616168010677489,0.05580442822556757,0.041987769371306174,0.03588651567925088,0.7103871391451657,0.07052778827426548,0.22558657534280618,1.1046213992551872,23.35856091886349,-0.08656080634749264
600765,力源液压,2017,5662565428.31,101737968.9,195989821.88,5526886406.16,4208964287.58,12590865674.38,8616583770.01,3974281904.37,1394513294.93,2230933689.57,8645964461.84,7333310749.62,0.008080299761041633,0.025599082135600904,0.01796676262518062,0.0346114891494496,0.6843519733153137,0.11075595046395957,0.17718668019066577,1.1789987847287147,23.2562374415253,0.05476428901551067
600765,力源液压,2018,5444030711.24,228840577.74,281432999.94,5104171448.87,4029204730.7,12069953807.08,7457552366.7,4612401440.38,1066974780.72,2603238710.57,8212581282.5,5442886036.11,0.01895952390520058,0.04961419353844158,0.042035137176490406,0.05169570394945427,0.6178608871166967,0.08839924309355131,0.2156792604328768,1.5088651917410871,23.21398504496319,-0.03859288158993024
600765,力源液压,2019,5984908825.86,320378557.86,400522408.46,5417969755.1,4419250699.82,14380016683.94,7856652194.83,6523364489.11,2673869201.09,2612695089.85,10104001421.17,6106297548.3,0.022279428800510894,0.049112472313149885,0.05353106742005603,0.06692205681219329,0.546359045855943,0.18594340047437158,0.1816892947535958,1.6546854032658407,23.389105349456997,0.09935250980551547
600765,力源液压,2020,6698164989.34,426214974.67,516879416.84,6033910391.87,4913569444.77,15666335776.58,8494971295.65,7171364480.93,3052435760.65,2624446869.89,11519321528.91,6053755522.91,0.027205785752859934,0.05943289813303805,0.0636316028865089,0.07716731637136492,0.5422436628959113,0.19484044030341563,0.16752142347244667,1.9028389047618393,23.474780029121487,0.11917577764896192
600765,力源液压,2021,8789901985.93,966677089.03,1140211879.36,7486858895.06,6299958019.27,19684745604.8,9848963706.24,9835781898.56,6130360471.08,2396459419.35,15383819136.19,7314248439.59,0.049107928973909726,0.0982816718589018,0.10997586669081867,0.12971838379826506,0.5003348229117268,0.31142695944138343,0.12174195529179908,2.1032672410909163,23.7031098379566,0.3122850810511475
600765,力源液压,2022,10569690898.56,1328105909.66,1536425767.07,8754275376.84,7478695219.06,21100029475.65,10308620045.4,10791409430.25,5734802047.23,2403523412.39,16057162657.3,9530177057.47,0.06294332011207235,0.12307066266405503,0.12565229413103646,0.14536146627327773,0.48855950923179625,0.2717911865406688,0.11391090307071515,1.684875586305501,23.772540274377693,0.2024810874431715
600765,力源液压,2023,11576493778.3,1469518364.39,1680621618.77,9765608796.93,7964360083.8,27337820559.07,13975591449.43,13362229109.64,5600757066.54,5164964144.35,19189261048.82,11326073788.56,0.05375404236101224,0.1099755401836237,0.12693984832822136,0.14517535714659177,0.5112182011449062,0.20487211313858048,0.188931086631059,1.6942553445309778,24.031536948863906,0.09525376753232817
600765,力源液压,2024,10355175973.63,763683519.55,864830800.25,9718085740.0,7901952121.15,30324946996.08,14435104832.31,15889842163.77,5464586699.06,6052744357.25,21612988383.07,11892833725.51,0.025183342270926924,0.04806111424386921,0.07374896587897302,0.08351676518606127,0.47601418179480987,0.18020103051676853,0.19959620565973016,1.8173119108451312,24.13523654391284,-0.10549980227686429
600801,华新水泥,2010,8469426137.0,659903140.0,691185800.0,7832536597.0,6582929498.0,17812222066.0,12164073920.0,5648148146.0,1803483438.0,10901849595.0,3953781113.0,5113911154.0,0.03704777189251555,0.11683531007722261,0.07791592125906983,0.08160951979738601,0.6829060335610123,0.10124977284235033,0.6120432113750406,0.7731423159175206,23.603150691541266,
600801,华新水泥,2011,12638039183.0,1220054998.0,1430656577.0,11205291365.0,9174347298.0,21729678063.0,13146265563.0,8583412500.0,2825437202.0,12431758878.0,6054095744.0,7313564018.0,0.056146943109913666,0.14214101885468047,0.09653831423795167,0.11320241663156426,0.6049912716095264,0.13002664806207995,0.572109666878501,0.8277900800621665,23.801944815780566,0.4921954543990612
600801,华新水泥,2012,12520527247.0,680276752.0,723029868.0,11796310173.0,9465894458.0,23291418459.0,14791754986.0,8499663473.0,2839236250.0,12858979199.0,5865064681.0,8077098684.0,0.029207184319731086,0.08003572778627821,0.05433291574546102,0.057747557569769487,0.6350731713501262,0.12190052980233564,0.5520908579112829,0.7261350777622863,23.87135082319589,-0.00929827280153317
600801,华新水泥,2013,15984355256.0,1394523485.0,1596691365.0,14397378289.0,11520439719.0,25824679601.0,15905595324.0,9919084277.0,2214607665.0,14527087240.0,6384486195.0,9061708986.0,0.05399964323065601,0.140589942181817,0.08724302373575823,0.09989088326854188,0.6159067825718192,0.08575547496489538,0.562527298090369,0.7045565251393299,23.974596445331105,0.2766519285224156
600801,华新水泥,2014,15996149247.0,1493769374.0,1689386452.0,14316331246.0,11278501321.0,26056706397.0,15003455319.0,11053251078.0,2684277961.0,15017713659.0,6317501965.0,9239129505.0,0.05732763578178027,0.13514298765664934,0.09338306056878966,0.10561207112498254,0.5758001448996409,0.10301677887075744,0.5763473491311643,0.6837767520826628,23.98354101527591,0.0007378459006390781
600801,华新水泥,2015,13271319219.0,225592645.0,189664907.0,13119215458.0,10131955705.0,25486671762.0,14509117104.0,10977554658.0,2122410326.0,14861157951.0,5034455833.0,7219895472.0,0.008851396804833225,0.02055035497687977,0.01699850943808422,0.01429133787456974,0.5692825347887415,0.08327530349272444,0.583095277789767,0.69730314691182,23.961421476468075,-0.17034287352070243
600801,华新水泥,2016,13525759490.0,620832712.0,684886829.0,12828387436.0,9971000727.0,27426749410.0,16053051983.0,11373697427.0,3719378221.0,15343820403.0,7424806197.0,9801100171.0,0.022636029619085656,0.05458495058310645,0.04590002598072221,0.05063573912476836,0.5853064008069048,0.13561133933151723,0.5594472816893689,0.7575482412646796,24.034784629952043,0.019172191309792863
600801,华新水泥,2017,20889291990.0,2211758228.0,2579502935.0,18584539455.0,14716492598.0,30499323197.0,17343752065.0,13155571132.0,3606246276.0,15756941609.0,8767041483.0,9240396460.0,0.07251827241260078,0.16812331489128995,0.10587999962175837,0.12348445970475422,0.5686602274081276,0.11824020660087042,0.5166325005713536,0.948773304365341,24.140970330051275,0.5444080611845923
600801,华新水泥,2018,27466044481.0,5705494815.0,7170197232.0,20590445256.0,16575214537.0,33161505602.0,14842116481.0,18319389121.0,5326761911.0,16116628188.0,10550472653.0,10151837699.0,0.17205174226636732,0.3114456916284201,0.20772903134802873,0.2610567836573657,0.44757064589084455,0.1606308825338358,0.48600411517588005,1.039267270204612,24.224655570344407,0.3148384585819559
600801,华新水泥,2019,31439214600.0,7020793402.0,8743972805.0,23007760515.0,18625306221.0,36645386717.0,13277703972.0,23367682745.0,5107514423.0,16714775889.0,10148487803.0,9024677899.0,0.19158737377283605,0.30044884974751057,0.22331325675037697,0.278123131135725,0.362329481594484,0.13937673689852467,0.45612224038137716,1.1245263173464093,24.324553383331715,0.14465752874420978
600801,华新水泥,2020,29356515691.0,6173593183.0,7698941776.0,21939755338.0,18035261466.0,43928509151.0,18188570653.0,25739938498.0,8641612847.0,19174711857.0,15134612209.0,11602596811.0,0.14053727982843375,0.23984490807853678,0.21029720447691533,0.2622566607371702,0.4140493498306202,0.1967199209355203,0.4364981245115509,1.3044159385639795,24.505829357435854,-0.06624525884307553
600801,华新水泥,2021,32464083379.0,5804937017.0,7444360170.0,25204672403.0,21392494465.0,52549618050.0,23171780742.0,29377837308.0,8836439385.0,21326030410.0,16126716577.0,12713539064.0,0.1104658270108968,0.1975957915533569,0.17881105556656599,0.22931065334854098,0.44095050738432534,0.16815420764033506,0.4058265540523753,1.2684679298044432,24.685023665927066,0.10585614862163983
600801,华新水泥,2022,30470382363.0,3023554873.0,4022570540.0,26558704977.0,22481901607.0,64241676265.0,33403495804.0,30838180461.0,7038341792.0,22713408318.0,14450298165.0,16624884300.0,0.0470653172331259,0.09804582591452785,0.09922930526370698,0.132015755236619,0.5199661301832937,0.10956036954836766,0.35356188752463585,0.8691969161553804,24.885918000033396,-0.06141251526262603
600801,华新水泥,2023,33757087272.0,3218098102.0,4351500618.0,29824159526.0,24741414727.0,68747865736.0,35432552822.0,33315312914.0,5849465351.0,28083495585.0,15219588022.0,18989407746.0,0.04681015283234945,0.09659516362062047,0.09533103600052807,0.12890628219601682,0.5153985864530722,0.08508577376732893,0.4084998899143134,0.8014777620016038,24.953711529171223,0.10786556170660422
600801,华新水泥,2024,34217347727.0,2953469070.0,4223787895.0,30884987852.0,25770521841.0,69512689187.0,34614884740.0,34897804447.0,6809002574.0,28398029574.0,15791607023.0,18168904092.0,0.04248820042128865,0.08463194509802166,0.0863149620351637,0.12343995591648739,0.4979649779751802,0.09795337590353782,0.4085301533595523,0.8691557257959904,24.964775151081998,0.013634483665353692
